view|trash|content 1,1,2 1,2,3 2,3,3 4,4,5 4,5,6 5,6,6 7,7,8 4,8,7 5,9,7 5,10,8 6,11,7 6,12,8 9,13,10 9,14,11 9,15,4 10,16,11 10,17,4 10,18,5 11,19,4 11,20,5 11,21,6 6,22,3 7,23,3 8,24,3 12,25,13 12,26,14 12,27,12 13,28,14 13,29,12 14,30,12 7,31,12 7,32,13 7,33,14 13,34,12 14,35,12 14,36,15 12,37,12 12,38,15 12,37,12 12,39,15 12,40,12 12,39,16 15,41,12 15,42,16 15,41,12 12,39,16 12,40,12 12,39,17 16,41,12 16,42,17 16,43,8 12,39,17 12,44,8 17,43,8 18,45,19 18,46,7 18,47,12 19,48,7 19,49,12 19,50,13 2,51,18 2,52,19 2,53,7 15,54,10 15,55,2 15,56,18 10,57,2 10,58,18 10,59,19 12,60,3 17,61,3 8,62,3 12,25,13 12,26,20 12,27,12 13,28,20 13,29,12 20,30,12 7,31,12 7,32,13 7,33,20 13,34,12 20,35,12 20,36,21 12,37,12 12,38,21 12,37,12 12,39,21 12,40,12 12,39,12 21,41,12 21,42,12 21,41,12 12,39,12 12,40,12 12,39,22 12,41,12 12,42,22 12,43,8 12,39,22 12,44,8 22,43,8 18,45,19 18,46,7 18,47,12 19,48,7 19,49,12 19,50,13 2,51,18 2,52,19 2,53,7 21,54,10 21,55,2 21,56,18 10,57,2 10,58,18 10,59,19 12,60,3 22,61,3 8,62,3 12,25,13 12,26,23 12,27,12 13,28,23 13,29,12 23,30,12 7,31,12 7,32,13 7,33,23 13,34,12 23,35,12 23,36,23 12,37,12 12,38,23 12,37,12 12,39,23 12,40,12 12,39,12 23,41,12 23,42,12 23,41,12 12,39,12 12,40,12 12,39,24 12,41,12 12,42,24 12,43,8 12,39,24 12,44,8 24,43,8 18,45,19 18,46,7 18,47,12 19,48,7 19,49,12 19,50,13 2,51,18 2,52,19 2,53,7 23,54,10 23,55,2 23,56,18 10,57,2 10,58,18 10,59,19 12,60,3 24,61,3 8,62,3 25,4,5 25,5,26 5,6,26 7,63,23 7,7,8 23,64,8 25,65,7 5,66,7 5,67,23 26,68,7 26,69,23 26,70,8 23,54,10 23,71,25 23,72,5 10,73,25 10,74,5 10,75,26 7,76,3 23,77,3 8,78,3 7,79,27 7,7,8 27,43,8 18,45,28 18,46,7 18,80,27 28,48,7 28,81,27 28,82,8 2,83,18 2,84,28 2,85,7 7,79,29 7,86,12 7,79,30 29,41,12 29,42,30 29,41,12 12,39,30 12,40,12 12,87,2 30,41,12 30,88,2 30,89,18 12,87,2 12,90,18 12,91,28 7,92,12 27,93,12 27,94,31 8,95,12 8,96,31 8,97,8 12,39,31 12,44,8 31,43,8 18,45,19 18,46,7 18,80,29 19,48,7 19,81,29 19,98,12 2,51,18 2,52,19 2,53,7 30,54,10 30,55,2 30,56,18 10,57,2 10,58,18 10,59,19 12,60,3 31,61,3 8,62,3 13,99,32 13,100,33 32,101,33 7,102,13 7,103,32 7,104,33 13,105,12 32,106,12 32,107,33 33,108,12 33,109,33 33,108,12 12,39,33 12,40,12 12,110,34 33,41,12 33,111,34 33,41,12 12,110,34 12,40,12 12,39,31 34,112,12 34,113,31 34,114,8 12,39,31 12,44,8 31,43,8 18,45,19 18,46,7 18,115,13 19,48,7 19,116,13 19,117,32 2,51,18 2,52,19 2,53,7 33,54,10 33,55,2 33,56,18 10,57,2 10,58,18 10,59,19 12,60,3 31,61,3 8,62,3 35,118,36 37,119,35 37,120,36 37,121,10 35,122,10 35,123,38 36,124,10 36,125,38 10,126,38 36,127,3 10,128,3 38,129,3 7,130,23 7,131,8 23,132,8 35,118,36 37,119,35 37,120,36 7,63,23 7,86,12 7,133,39 23,134,12 23,135,39 23,64,8 12,136,39 12,44,8 39,137,8 18,45,40 18,46,7 18,138,23 40,48,7 40,139,23 40,98,12 9,51,18 9,52,40 9,53,7 41,140,32 41,141,9 41,142,18 32,143,9 32,144,18 32,145,40 12,146,32 39,147,32 39,148,41 8,149,32 8,150,41 32,101,41 7,151,41 7,152,32 7,153,9 8,154,12 32,106,12 32,155,42 41,108,12 41,156,42 41,157,8 12,136,42 12,44,8 42,137,8 18,45,43 18,46,7 18,158,41 43,48,7 43,159,41 43,160,32 9,51,18 9,52,43 9,53,7 44,140,32 44,141,9 44,142,18 32,143,9 32,144,18 32,145,43 37,121,10 35,122,10 35,161,44 36,124,10 36,162,44 36,163,32 10,164,44 10,165,32 10,166,9 12,167,3 42,168,3 8,169,3 45,170,37 45,171,35 45,172,36 42,173,46 8,174,46 3,175,46 47,176,7 47,177,23 47,178,8 7,179,45 23,180,45 23,181,37 8,182,45 8,183,37 8,184,35 7,63,37 7,7,8 37,64,8 48,185,7 48,186,37 48,187,8 7,79,49 7,86,12 7,63,37 49,41,12 49,188,37 49,43,8 12,189,37 12,44,8 37,64,8 50,185,7 50,190,49 50,191,12 37,140,32 37,192,50 37,193,7 32,194,50 32,195,7 32,196,49 7,197,51 37,198,51 37,199,37 8,200,51 8,201,37 8,202,32 51,203,37 51,204,32 51,205,50 12,206,52 37,207,52 37,208,12 8,209,52 8,210,12 52,211,12 7,212,48 7,213,7 7,214,37 8,215,8 52,216,8 12,217,8 37,54,10 37,218,7 37,219,48 10,220,7 10,221,48 10,222,7 52,223,3 12,224,3 8,225,3 53,140,32 53,226,15 32,227,15 53,228,32 32,229,32 32,230,54 15,231,32 15,232,54 32,233,54 15,234,32 32,229,32 32,235,21 54,228,32 54,236,21 32,227,21 54,237,32 32,229,32 32,230,55 21,231,32 21,232,55 32,233,55 53,54,10 53,238,53 53,239,32 10,240,53 10,241,32 10,242,15 21,243,3 32,244,3 55,245,3 56,140,32 56,246,57 32,233,57 56,228,32 32,229,32 32,230,58 57,228,32 57,247,58 32,233,58 57,237,32 32,229,32 32,230,59 58,228,32 58,247,59 32,233,59 58,237,32 32,229,32 32,230,60 59,228,32 59,247,60 32,233,60 59,237,32 32,229,32 32,230,61 60,228,32 60,247,61
view|trash|menu 1,1,2 1,2,3 2,3,3 4,4,5 4,5,6 5,6,6 7,7,8 4,8,7 5,9,7 5,10,8 6,11,7 6,12,8 9,13,10 9,14,11 9,15,4 10,16,11 10,17,4 10,18,5 11,19,4 11,20,5 11,21,6 6,22,3 7,23,3 8,24,3 12,25,13 12,26,62 12,27,12 13,28,62 13,29,12 62,30,12 7,31,12 7,32,13 7,33,62 13,34,12 62,35,12 62,36,15 12,37,12 12,38,15 12,37,12 12,39,15 12,40,12 12,39,63 15,41,12 15,42,63 15,41,12 12,39,63 12,40,12 12,39,17 63,41,12 63,42,17 63,43,8 12,39,17 12,44,8 17,43,8 18,45,19 18,46,7 18,47,12 19,48,7 19,49,12 19,50,13 2,51,18 2,52,19 2,53,7 15,54,10 15,55,2 15,56,18 10,57,2 10,58,18 10,59,19 12,60,3 17,61,3 8,62,3 12,25,13 12,26,64 12,27,12 13,28,64 13,29,12 64,30,12 7,31,12 7,32,13 7,33,64 13,34,12 64,35,12 64,36,21 12,37,12 12,38,21 12,37,12 12,39,21 12,40,12 12,39,12 21,41,12 21,42,12 21,41,12 12,39,12 12,40,12 12,39,22 12,41,12 12,42,22 12,43,8 12,39,22 12,44,8 22,43,8 18,45,19 18,46,7 18,47,12 19,48,7 19,49,12 19,50,13 2,51,18 2,52,19 2,53,7 21,54,10 21,55,2 21,56,18 10,57,2 10,58,18 10,59,19 12,60,3 22,61,3 8,62,3 12,26,30 12,27,12 30,30,12 7,79,27 7,7,8 27,43,8 18,45,28 18,46,7 18,80,27 28,48,7 28,81,27 28,82,8 2,83,18 2,84,28 2,85,7 7,31,12 7,33,30 7,31,12 12,37,12 30,35,12 30,36,30 12,37,12 12,38,30 12,37,12 12,39,30 12,40,12 12,87,2 30,41,12 30,88,2 30,89,18 12,87,2 12,90,18 12,91,28 7,92,12 27,93,12 27,94,31 8,95,12 8,96,31 8,97,8 12,39,31 12,44,8 31,43,8 18,45,19 18,46,7 18,47,12 19,48,7 19,49,12 19,248,30 2,51,18 2,52,19 2,53,7 30,54,10 30,55,2 30,56,18 10,57,2 10,58,18 10,59,19 12,60,3 31,61,3 8,62,3 12,25,13 12,26,65 12,27,12 13,28,65 13,29,12 65,30,12 7,31,12 7,32,13 7,33,65 13,34,12 65,35,12 65,36,33 12,37,12 12,38,33 12,37,12 12,39,33 12,40,12 12,110,34 33,41,12 33,111,34 33,41,12 12,110,34 12,40,12 12,39,31 34,112,12 34,113,31 34,114,8 12,39,31 12,44,8 31,43,8 18,45,19 18,46,7 18,47,12 19,48,7 19,49,12 19,50,13 2,51,18 2,52,19 2,53,7 33,54,10 33,55,2 33,56,18 10,57,2 10,58,18 10,59,19 12,60,3 31,61,3 8,62,3 12,25,13 12,26,23 12,27,12 13,28,23 13,29,12 23,30,12 7,31,12 7,32,13 7,33,23 13,34,12 23,35,12 23,36,23 12,37,12 12,38,23 12,37,12 12,39,23 12,40,12 12,39,12 23,41,12 23,42,12 23,41,12 12,39,12 12,40,12 12,39,24 12,41,12 12,42,24 12,43,8 12,39,24 12,44,8 24,43,8 18,45,19 18,46,7 18,47,12 19,48,7 19,49,12 19,50,13 2,51,18 2,52,19 2,53,7 23,54,10 23,55,2 23,56,18 10,57,2 10,58,18 10,59,19 12,60,3 24,61,3 8,62,3 25,4,5 25,5,26 5,6,26 7,63,23 7,7,8 23,64,8 25,65,7 5,66,7 5,67,23 26,68,7 26,69,23 26,70,8 23,54,10 23,71,25 23,72,5 10,73,25 10,74,5 10,75,26 7,76,3 23,77,3 8,78,3 35,118,36 37,119,35 37,120,36 37,121,10 35,122,10 35,123,66 36,124,10 36,125,66 10,126,66 36,127,3 10,128,3 66,129,3 7,130,23 7,131,8 23,132,8 35,118,36 37,119,35 37,120,36 7,63,23 7,86,12 7,133,39 23,134,12 23,135,39 23,64,8 12,136,39 12,44,8 39,137,8 18,45,40 18,46,7 18,138,23 40,48,7 40,139,23 40,98,12 9,51,18 9,52,40 9,53,7 41,140,32 41,141,9 41,142,18 32,143,9 32,144,18 32,145,40 12,146,32 39,147,32 39,148,41 8,149,32 8,150,41 32,101,41 7,151,41 7,152,32 7,153,9 8,154,12 32,106,12 32,155,42 41,108,12 41,156,42 41,157,8 12,136,42 12,44,8 42,137,8 18,45,43 18,46,7 18,158,41 43,48,7 43,159,41 43,160,32 9,51,18 9,52,43 9,53,7 67,140,32 67,141,9 67,142,18 32,143,9 32,144,18 32,145,43 37,121,10 35,122,10 35,161,67 36,124,10 36,162,67 36,163,32 10,164,67 10,165,32 10,166,9 12,167,3 42,168,3 8,169,3 45,170,37 45,171,35 45,172,36 42,173,46 8,174,46 3,175,46 47,176,7 47,177,23 47,178,8 7,179,45 23,180,45 23,181,37 8,182,45 8,183,37 8,184,35 7,63,37 7,7,8 37,64,8 48,185,7 48,186,37 48,187,8 7,79,49 7,86,12 7,63,37 49,41,12 49,188,37 49,43,8 12,189,37 12,44,8 37,64,8 50,185,7 50,190,49 50,191,12 37,140,32 37,192,50 37,193,7 32,194,50 32,195,7 32,196,49 7,197,51 37,198,51 37,199,37 8,200,51 8,201,37 8,202,32 51,203,37 51,204,32 51,205,50 12,206,52 37,207,52 37,208,12 8,209,52 8,210,12 52,211,12 7,212,48 7,213,7 7,214,37 8,215,8 52,216,8 12,217,8 37,54,10 37,218,7 37,219,48 10,220,7 10,221,48 10,222,7 52,223,3 12,224,3 8,225,3 53,140,32 53,226,15 32,227,15 53,228,32 32,229,32 32,230,54 15,231,32 15,232,54 32,233,54 15,234,32 32,229,32 32,235,21 54,228,32 54,236,21 32,227,21 54,237,32 32,229,32 32,230,68 21,231,32 21,232,68 32,233,68 53,54,10 53,238,53 53,239,32 10,240,53 10,241,32 10,242,15 21,243,3 32,244,3 68,245,3 69,140,32 69,246,70 32,233,70 69,228,32 32,229,32 32,230,71 70,228,32 70,247,71 32,233,71 70,237,32 32,229,32 32,235,37 71,228,32 71,236,37 32,227,37 72,54,10 72,249,69
viewdelete|trash 73,250,12 73,251,74 73,250,12 12,252,74 12,253,12 12,252,13 74,250,12 74,251,13 12,252,13 1,1,2 1,2,3 2,3,3 4,4,5 4,5,6 5,6,6 7,7,8 4,8,7 5,9,7 5,10,8 6,11,7 6,12,8 9,13,10 9,14,11 9,15,4 10,16,11 10,17,4 10,18,5 11,19,4 11,20,5 11,21,6 6,22,3 7,23,3 8,24,3 75,4,5 75,5,76 5,6,76 7,79,77 7,86,12 7,79,78 77,41,12 77,42,78 77,41,12 12,39,78 12,40,12 12,39,79 78,41,12 78,42,79 78,43,8 12,39,79 12,44,8 79,43,8 75,65,7 5,66,7 5,254,77 76,68,7 76,255,77 76,256,12 77,54,10 77,71,75 77,72,5 10,73,75 10,74,5 10,75,76 12,257,3 79,258,3 8,78,3 80,4,5 80,5,81 5,6,81 7,259,34 7,7,8 34,114,8 82,260,7 82,261,34 82,262,8 7,63,73 7,86,12 7,263,82 73,134,12 73,264,82 73,265,7 12,266,82 12,267,7 12,268,34 7,269,8 34,270,8 8,271,8 80,65,7 5,66,7 5,67,73 81,68,7 81,69,73 81,256,12 34,272,3 8,273,3 8,274,3 80,4,5 80,5,81 5,6,81 7,259,34 7,7,8 34,114,8 82,260,7 82,261,34 82,262,8 7,63,74 7,86,12 7,263,82 74,134,12 74,264,82 74,265,7 12,266,82 12,267,7 12,268,34 7,269,8 34,270,8 8,271,8 80,65,7 5,66,7 5,67,74 81,68,7 81,69,74 81,256,12 34,272,3 8,273,3 8,274,3 7,79,12 7,86,12 7,63,73 12,41,12 12,188,73 12,43,8 12,189,73 12,44,8 73,64,8 50,185,7 50,190,12 50,191,12 83,54,10 83,275,50 83,276,7 10,277,50 10,278,7 10,279,12 12,257,3 73,77,3 8,78,3 7,79,12 7,86,12 7,63,74 12,41,12 12,188,74 12,43,8 12,189,74 12,44,8 74,64,8 50,185,7 50,190,12 50,191,12 84,54,10 84,275,50 84,276,7 10,277,50 10,278,7 10,279,12 12,257,3 74,77,3 8,78,3 7,130,83 7,131,8 83,132,8 85,140,32 85,246,86 32,233,86 85,228,32 32,229,32 32,230,87 86,228,32 86,247,87 32,233,87 86,237,32 32,229,32 32,235,83 87,228,32 87,236,83 32,227,83 87,237,32 32,229,32 32,230,88 83,231,32 83,232,88 32,233,88 83,234,32 32,229,32 32,230,89 88,228,32 88,247,89 32,233,89 72,54,10 72,280,85 72,281,32 10,282,85 10,283,32 10,282,86 88,284,3 32,244,3 89,245,3 7,63,72 7,7,8 72,64,8 18,45,90 18,46,7 18,138,72 90,48,7 90,139,72 90,82,8 9,51,18 9,52,90 9,53,7 7,285,3 72,286,3 8,287,3 7,7,8 18,45,91 18,46,7 18,288,8 91,48,7 91,82,8 9,51,18 9,52,91 9,53,7 92,54,10 92,55,9 92,56,18 10,57,9 10,58,18 10,59,91 91,289,3 7,290,3 8,62,3 93,54,10 93,291,73 10,292,73 93,293,3 10,128,3 73,294,3 12,295,94 12,296,12 94,297,12 95,54,10 95,298,12 95,299,94 10,300,12 10,301,94 10,300,12 12,302,3 94,303,3 12,302,3 32,304,9 89,305,9 89,306,18 3,307,9 3,308,18 3,309,90 72,310,92 8,311,92 8,312,10 3,313,92 3,314,10 3,315,9 7,316,93 8,317,93 8,318,10 3,313,93 3,314,10 3,319,73 10,320,95 73,321,95 73,322,10 3,313,95 3,314,10 3,323,12 45,324,72 45,325,10 94,326,46 12,327,46 3,328,46 7,130,84 7,131,8 84,132,8 96,140,32 96,246,97 32,233,97 96,228,32 32,229,32 32,230,87 97,228,32 97,247,87 32,233,87 97,237,32 32,229,32 32,235,84 87,228,32 87,236,84 32,227,84 87,237,32 32,229,32 32,230,88 84,231,32 84,232,88 32,233,88 84,234,32 32,229,32 32,230,98 88,228,32 88,247,98 32,233,98 72,54,10 72,280,96 72,281,32 10,282,96 10,283,32 10,282,97 88,284,3 32,244,3 98,245,3 7,63,72 7,7,8 72,64,8 18,45,90 18,46,7 18,138,72 90,48,7 90,139,72 90,82,8 9,51,18 9,52,90 9,53,7 7,285,3 72,286,3 8,287,3 7,7,8 18,45,91 18,46,7 18,288,8 91,48,7 91,82,8 9,51,18 9,52,91 9,53,7 92,54,10 92,55,9 92,56,18 10,57,9 10,58,18 10,59,91 91,289,3 7,290,3 8,62,3 93,54,10 93,291,74 10,292,74 93,293,3 10,128,3 74,294,3 12,295,99 12,296,12 99,297,12 95,54,10 95,298,12 95,299,99 10,300,12 10,301,99 10,300,12 12,302,3 99,303,3 12,302,3 32,304,9 98,305,9 98,306,18 3,307,9 3,308,18 3,309,90 72,310,92 8,311,92 8,312,10 3,313,92 3,314,10 3,315,9 7,316,93 8,317,93 8,318,10 3,313,93 3,314,10 3,319,74 10,320,95 74,321,95 74,322,10 3,313,95 3,314,10 3,323,12 45,324,72 45,325,10 99,326,46 12,327,46 3,328,46 47,329,7 47,330,84 47,331,8 7,332,45 84,333,45 84,334,72 8,335,45 8,336,72 8,337,10 100,338,47 100,339,7 100,340,84 47,176,7 47,177,83 47,178,8 7,179,45 83,180,45 83,341,72 8,182,45 8,342,72 8,343,10 12,344,100 3,345,100 3,346,47 46,347,100 46,348,47 46,349,7 101,4,5 101,5,102 5,6,102 7,63,13 7,86,12 7,63,93 13,134,12 13,350,93 13,134,12 12,189,93 12,40,12 12,189,92 93,134,12 93,350,92 93,134,12 12,189,92 12,40,12 12,189,95 92,134,12 92,350,95 92,134,12 12,189,95 12,40,12 12,189,77 95,134,12 95,350,77 95,64,8 12,189,77 12,44,8 77,64,8 101,65,7 5,66,7 5,67,13 102,68,7 102,69,13 102,256,12 12,351,3 77,352,3 8,274,3 1,353,9 2,354,9 2,355,10 3,356,9 3,357,10 3,358,11 7,359,77 8,360,77 8,361,10 3,313,77 3,314,10 3,362,75 79,363,80 8,364,80 8,365,5 3,366,80 3,367,5 3,368,81 8,369,80 8,370,80 8,371,5 3,366,80 3,367,5 3,368,81 8,372,83 8,373,83 8,374,10 3,313,83
delete|trash 73,250,12 73,251,13 12,252,13 1,1,2 1,2,3 2,3,3 75,4,5 75,5,103 5,6,103 7,7,8 75,65,7 5,66,7 5,375,8 103,68,7 103,70,8 7,79,104 7,7,8 104,43,8 105,185,7 105,190,104 105,187,8 103,376,106 7,377,106 7,378,105 8,379,106 8,380,105 8,381,7 106,382,105 106,383,7 106,384,104 7,76,3 104,258,3 8,78,3 4,4,5 4,5,6 5,6,6 7,7,8 4,8,7 5,9,7 5,10,8 6,11,7 6,12,8 9,13,10 9,14,11 9,15,4 10,16,11 10,17,4 10,18,5 11,19,4 11,20,5 11,21,6 6,22,3 7,23,3 8,24,3 75,4,5 75,5,76 5,6,76 7,79,77 7,86,12 7,79,78 77,41,12 77,42,78 77,41,12 12,39,78 12,40,12 12,39,79 78,41,12 78,42,79 78,43,8 12,39,79 12,44,8 79,43,8 75,65,7 5,66,7 5,254,77 76,68,7 76,255,77 76,256,12 77,54,10 77,71,75 77,72,5 10,73,75 10,74,5 10,75,76 12,257,3 79,258,3 8,78,3 75,4,5 75,5,76 5,6,76 7,79,95 7,86,12 7,79,12 95,41,12 95,42,12 95,41,12 12,39,12 12,40,12 12,39,79 12,41,12 12,42,79 12,43,8 12,39,79 12,44,8 79,43,8 75,65,7 5,66,7 5,254,95 76,68,7 76,255,95 76,256,12 95,54,10 95,71,75 95,72,5 10,73,75 10,74,5 10,75,76 12,257,3 79,258,3 8,78,3 7,63,73 7,7,8 73,64,8 48,185,7 48,186,73 48,187,8 107,54,10 107,275,48 107,276,7 10,277,48 10,278,7 10,385,73 7,76,3 73,77,3 8,78,3 95,386,108 95,387,94 108,388,94 7,389,95 7,390,108 7,391,94 95,392,8 108,393,8 94,394,8 109,4,5 109,5,110 5,6,110 7,79,94 7,7,8 94,43,8 109,8,7 5,9,7 5,395,94 110,11,7 110,396,94 110,12,8 111,13,10 111,14,11 111,15,109 10,16,11 10,17,109 10,18,5 11,19,109 11,20,5 11,21,110 7,23,3 94,397,3 8,24,3 112,398,32 112,399,113 32,400,113 112,401,32 32,229,32 32,230,114 113,401,32 113,402,114 32,233,114 113,403,32 32,229,32 32,404,113 114,228,32 114,405,113 32,400,113 114,237,32 32,229,32 32,230,115 113,401,32 113,402,115 32,233,115 113,403,32 32,229,32 32,404,113 115,228,32 115,405,113 32,400,113 115,237,32 32,229,32 32,230,116 113,401,32 113,402,116 32,233,116 113,403,32 32,229,32 32,404,113 116,228,32 116,405,113 32,400,113 116,406,32 32,407,32 32,408,117 113,409,32 113,410,117 32,101,117 113,411,8 32,412,8 117,157,8 118,413,7 32,414,3 117,415,3 8,274,3 7,416,9 7,417,8 9,418,8 119,419,120 119,420,7 119,421,9 120,422,7 120,423,9 120,424,8 121,54,10 121,425,119 121,426,120 10,427,119 10,428,120 10,429,7 7,430,3 9,431,3 8,432,3 7,63,93 7,7,8 93,64,8 122,185,7 122,186,93 122,187,8 93,54,10 93,275,122 93,276,7 10,277,122 10,278,7 10,385,93 7,76,3 93,77,3 8,78,3 7,63,93 7,7,8 93,64,8 18,45,123 18,46,7 18,138,93 123,48,7 123,139,93 123,82,8 111,51,18 111,52,123 111,53,7 7,285,3 93,286,3 8,287,3 7,63,93 7,7,8 93,64,8 18,45,123 18,46,7 18,138,93 123,48,7 123,139,93 123,82,8 121,51,18 121,52,123 121,53,7 7,285,3 93,286,3 8,287,3 93,433,111 8,434,111 8,435,18 3,307,111 3,308,18 3,309,123 93,436,121 8,437,121 8,438,18 3,307,121 3,308,18 3,309,123 45,324,93 45,325,10 45,439,122 93,440,46 8,441,46 3,328,46 124,442,7 124,443,73 124,444,125 7,445,73 7,446,125 7,447,93 73,448,125 73,449,93 73,450,8 125,451,93 125,452,8 125,453,45 93,454,8 93,455,45 93,456,93 8,457,45 8,458,93 8,459,10 94,460,118 8,461,118 8,462,7 3,463,118 3,464,7 117,465,121 8,373,121 8,374,10 3,313,121 3,314,10 3,466,119 9,467,124 8,468,124 8,469,7 3,470,124 3,471,7 3,472,73 45,324,111 45,473,10 45,474,11 3,475,46 46,476,46 12,295,99 12,296,12 99,297,12 95,386,108 95,477,12 95,478,99 108,479,12 108,480,99 108,479,12 7,389,95 7,390,108 7,481,12 12,482,8 99,483,8 12,482,8 109,4,5 109,5,110 5,6,110 7,79,99 7,7,8 99,43,8 109,8,7 5,9,7 5,395,99 110,11,7 110,396,99 110,12,8 111,13,10 111,14,11 111,15,109 10,16,11 10,17,109 10,18,5 11,19,109 11,20,5 11,21,110 7,23,3 99,397,3 8,24,3 7,63,93 7,7,8 93,64,8 122,185,7 122,186,93 122,187,8 93,54,10 93,275,122 93,276,7 10,277,122 10,278,7 10,385,93 7,76,3 93,77,3 8,78,3 7,63,93 7,7,8 93,64,8 18,45,123 18,46,7 18,138,93 123,48,7 123,139,93 123,82,8 111,51,18 111,52,123 111,53,7 7,285,3 93,286,3 8,287,3 93,433,111 8,434,111 8,435,18 3,307,111 3,308,18 3,309,123 45,324,93 45,325,10 45,439,122 93,440,46 8,441,46 3,328,46 124,442,7 124,443,73 124,444,125 7,445,73 7,446,125 7,447,93 73,448,125 73,449,93 73,450,8 125,451,93 125,452,8 125,453,45 93,454,8 93,455,45 93,456,93 8,457,45 8,458,93 8,459,10 99,484,124 8,485,124 8,486,7 3,470,124 3,471,7 3,472,73 45,324,111 45,473,10 45,474,11 3,475,46 46,476,46 47,329,7 47,487,95 47,488,108 99,489,45 12,490,45 12,491,111 8,335,45 8,336,111 8,492,10 100,338,47 100,339,7 100,493,95 47,176,7 47,494,95 47,495,108 108,496,45 94,497,45 94,498,111 8,182,45 8,342,111 8,499,10 3,500,100 46,501,100 46,502,47 46,347,100 46,348,47 46,349,7 126,4,5 126,5,127 5,6,127 7,79,128 7,86,12 7,63,107 128,41,12 128,188,107 128,43,8 12,189,107 12,44,8 107,64,8 126,65,7 5,66,7 5,254,128 127,68,7 127,255,128 127,256,12 129,54,10 129,71,126 129,72,5 10,73,126
viewrestore|trash 73,250,12 73,251,74 73,250,12 12,252,74 12,253,12 12,252,13 74,250,12 74,251,13 12,252,13 1,1,2 1,2,3 2,3,3 4,4,5 4,5,6 5,6,6 7,7,8 4,8,7 5,9,7 5,10,8 6,11,7 6,12,8 9,13,10 9,14,11 9,15,4 10,16,11 10,17,4 10,18,5 11,19,4 11,20,5 11,21,6 6,22,3 7,23,3 8,24,3 75,4,5 75,5,76 5,6,76 7,79,77 7,86,12 7,79,78 77,41,12 77,42,78 77,41,12 12,39,78 12,40,12 12,39,79 78,41,12 78,42,79 78,43,8 12,39,79 12,44,8 79,43,8 75,65,7 5,66,7 5,254,77 76,68,7 76,255,77 76,256,12 77,54,10 77,71,75 77,72,5 10,73,75 10,74,5 10,75,76 12,257,3 79,258,3 8,78,3 80,4,5 80,5,81 5,6,81 7,259,34 7,7,8 34,114,8 82,260,7 82,261,34 82,262,8 7,63,73 7,86,12 7,263,82 73,134,12 73,264,82 73,265,7 12,266,82 12,267,7 12,268,34 7,269,8 34,270,8 8,271,8 80,65,7 5,66,7 5,67,73 81,68,7 81,69,73 81,256,12 34,272,3 8,273,3 8,274,3 80,4,5 80,5,81 5,6,81 7,259,34 7,7,8 34,114,8 82,260,7 82,261,34 82,262,8 7,63,74 7,86,12 7,263,82 74,134,12 74,264,82 74,265,7 12,266,82 12,267,7 12,268,34 7,269,8 34,270,8 8,271,8 80,65,7 5,66,7 5,67,74 81,68,7 81,69,74 81,256,12 34,272,3 8,273,3 8,274,3 7,79,12 7,86,12 7,63,73 12,41,12 12,188,73 12,43,8 12,189,73 12,44,8 73,64,8 50,185,7 50,190,12 50,191,12 83,54,10 83,275,50 83,276,7 10,277,50 10,278,7 10,279,12 12,257,3 73,77,3 8,78,3 7,79,12 7,86,12 7,63,74 12,41,12 12,188,74 12,43,8 12,189,74 12,44,8 74,64,8 50,185,7 50,190,12 50,191,12 84,54,10 84,275,50 84,276,7 10,277,50 10,278,7 10,279,12 12,257,3 74,77,3 8,78,3 7,130,83 7,131,8 83,132,8 85,140,32 85,246,86 32,233,86 85,228,32 32,229,32 32,230,87 86,228,32 86,247,87 32,233,87 86,237,32 32,229,32 32,235,83 87,228,32 87,236,83 32,227,83 87,237,32 32,229,32 32,230,88 83,231,32 83,232,88 32,233,88 83,234,32 32,229,32 32,230,89 88,228,32 88,247,89 32,233,89 72,54,10 72,280,85 72,281,32 10,282,85 10,283,32 10,282,86 88,284,3 32,244,3 89,245,3 7,63,72 7,7,8 72,64,8 18,45,90 18,46,7 18,138,72 90,48,7 90,139,72 90,82,8 9,51,18 9,52,90 9,53,7 7,285,3 72,286,3 8,287,3 7,7,8 18,45,91 18,46,7 18,288,8 91,48,7 91,82,8 9,51,18 9,52,91 9,53,7 92,54,10 92,55,9 92,56,18 10,57,9 10,58,18 10,59,91 91,289,3 7,290,3 8,62,3 93,54,10 93,291,73 10,292,73 93,293,3 10,128,3 73,294,3 12,295,94 12,296,12 94,297,12 95,54,10 95,298,12 95,299,94 10,300,12 10,301,94 10,300,12 12,302,3 94,303,3 12,302,3 32,304,9 89,305,9 89,306,18 3,307,9 3,308,18 3,309,90 72,310,92 8,311,92 8,312,10 3,313,92 3,314,10 3,315,9 7,316,93 8,317,93 8,318,10 3,313,93 3,314,10 3,319,73 10,320,95 73,321,95 73,322,10 3,313,95 3,314,10 3,323,12 45,324,72 45,325,10 94,326,46 12,327,46 3,328,46 7,130,84 7,131,8 84,132,8 96,140,32 96,246,97 32,233,97 96,228,32 32,229,32 32,230,87 97,228,32 97,247,87 32,233,87 97,237,32 32,229,32 32,235,84 87,228,32 87,236,84 32,227,84 87,237,32 32,229,32 32,230,88 84,231,32 84,232,88 32,233,88 84,234,32 32,229,32 32,230,98 88,228,32 88,247,98 32,233,98 72,54,10 72,280,96 72,281,32 10,282,96 10,283,32 10,282,97 88,284,3 32,244,3 98,245,3 7,63,72 7,7,8 72,64,8 18,45,90 18,46,7 18,138,72 90,48,7 90,139,72 90,82,8 9,51,18 9,52,90 9,53,7 7,285,3 72,286,3 8,287,3 7,7,8 18,45,91 18,46,7 18,288,8 91,48,7 91,82,8 9,51,18 9,52,91 9,53,7 92,54,10 92,55,9 92,56,18 10,57,9 10,58,18 10,59,91 91,289,3 7,290,3 8,62,3 93,54,10 93,291,74 10,292,74 93,293,3 10,128,3 74,294,3 12,295,99 12,296,12 99,297,12 95,54,10 95,298,12 95,299,99 10,300,12 10,301,99 10,300,12 12,302,3 99,303,3 12,302,3 32,304,9 98,305,9 98,306,18 3,307,9 3,308,18 3,309,90 72,310,92 8,311,92 8,312,10 3,313,92 3,314,10 3,315,9 7,316,93 8,317,93 8,318,10 3,313,93 3,314,10 3,319,74 10,320,95 74,321,95 74,322,10 3,313,95 3,314,10 3,323,12 45,324,72 45,325,10 99,326,46 12,327,46 3,328,46 47,329,7 47,330,84 47,331,8 7,332,45 84,333,45 84,334,72 8,335,45 8,336,72 8,337,10 100,338,47 100,339,7 100,340,84 47,176,7 47,177,83 47,178,8 7,179,45 83,180,45 83,341,72 8,182,45 8,342,72 8,343,10 12,344,100 3,345,100 3,346,47 46,347,100 46,348,47 46,349,7 101,4,5 101,5,130 5,6,130 7,63,13 7,86,12 7,63,93 13,134,12 13,350,93 13,134,12 12,189,93 12,40,12 12,189,92 93,134,12 93,350,92 93,134,12 12,189,92 12,40,12 12,189,95 92,134,12 92,350,95 92,134,12 12,189,95 12,40,12 12,189,77 95,134,12 95,350,77 95,64,8 12,189,77 12,44,8 77,64,8 101,65,7 5,66,7 5,67,13 130,68,7 130,69,13 130,256,12 12,351,3 77,352,3 8,274,3 1,353,9 2,354,9 2,355,10 3,356,9 3,357,10 3,358,11 7,359,77 8,360,77 8,361,10 3,313,77 3,314,10 3,362,75 79,363,80 8,364,80 8,365,5 3,366,80 3,367,5 3,368,81 8,369,80 8,370,80 8,371,5 3,366,80 3,367,5 3,368,81 8,372,83 8,373,83 8,374,10 3,313,83
restore|trash 73,250,12 73,251,13 12,252,13 1,1,2 1,2,3 2,3,3 75,4,5 75,5,103 5,6,103 7,7,8 75,65,7 5,66,7 5,375,8 103,68,7 103,70,8 7,79,104 7,7,8 104,43,8 105,185,7 105,190,104 105,187,8 103,376,106 7,377,106 7,378,105 8,379,106 8,380,105 8,381,7 106,382,105 106,383,7 106,384,104 7,76,3 104,258,3 8,78,3 4,4,5 4,5,6 5,6,6 7,7,8 4,8,7 5,9,7 5,10,8 6,11,7 6,12,8 9,13,10 9,14,11 9,15,4 10,16,11 10,17,4 10,18,5 11,19,4 11,20,5 11,21,6 6,22,3 7,23,3 8,24,3 75,4,5 75,5,76 5,6,76 7,79,95 7,86,12 7,79,12 95,41,12 95,42,12 95,41,12 12,39,12 12,40,12 12,39,79 12,41,12 12,42,79 12,43,8 12,39,79 12,44,8 79,43,8 75,65,7 5,66,7 5,254,95 76,68,7 76,255,95 76,256,12 95,54,10 95,71,75 95,72,5 10,73,75 10,74,5 10,75,76 12,257,3 79,258,3 8,78,3 7,63,73 7,7,8 73,64,8 48,185,7 48,186,73 48,187,8 107,54,10 107,275,48 107,276,7 10,277,48 10,278,7 10,385,73 7,76,3 73,77,3 8,78,3 131,54,10 131,503,34 10,504,34 131,293,3 10,128,3 34,505,3 132,54,10 132,503,133 10,504,133 132,293,3 10,128,3 133,505,3 95,386,108 95,387,94 108,388,94 7,389,95 7,390,108 7,391,94 95,392,8 108,393,8 94,394,8 77,54,10 77,506,78 10,126,78 77,293,3 10,128,3 78,129,3 80,4,5 80,5,81 5,6,81 7,259,34 7,7,8 34,114,8 82,260,7 82,261,34 82,262,8 7,63,73 7,86,12 7,263,82 73,134,12 73,264,82 73,265,7 12,266,82 12,267,7 12,268,34 7,269,8 34,270,8 8,271,8 80,65,7 5,66,7 5,67,73 81,68,7 81,69,73 81,256,12 34,272,3 8,273,3 8,274,3 7,79,12 7,86,12 7,63,73 12,41,12 12,188,73 12,43,8 12,189,73 12,44,8 73,64,8 50,185,7 50,190,12 50,191,12 83,54,10 83,275,50 83,276,7 10,277,50 10,278,7 10,279,12 12,257,3 73,77,3 8,78,3 134,140,32 134,246,135 32,233,135 7,507,31 7,508,8 7,509,131 31,510,8 31,511,131 8,512,131 134,228,32 32,229,32 32,513,7 135,228,32 135,514,7 135,515,31 32,516,7 32,517,31 32,518,8 31,519,32 8,520,32 8,521,132 131,234,32 131,522,132 32,233,132 7,507,31 7,508,8 7,509,132 31,510,8 31,511,132 8,512,132 131,523,32 32,229,32 32,513,7 132,228,32 132,514,7 132,515,31 32,516,7 32,517,31 32,518,8 31,519,32 8,520,32 8,521,136 132,234,32 132,522,136 32,233,136 132,523,32 32,229,32 32,235,83 136,228,32 136,236,83 32,227,83 136,237,32 32,229,32 32,230,137 83,231,32 83,232,137 32,233,137 72,54,10 72,524,134 72,525,32 10,526,134 10,527,32 10,526,135 83,243,3 32,244,3 137,245,3 7,63,72 7,7,8 72,64,8 18,45,90 18,46,7 18,138,72 90,48,7 90,139,72 90,82,8 9,51,18 9,52,90 9,53,7 7,285,3 72,286,3 8,287,3 7,7,8 18,45,72 18,46,7 18,288,8 72,48,7 72,82,8 9,51,18 9,52,72 9,53,7 138,528,9 138,529,18 138,530,72 7,531,138 7,532,9 7,533,18 72,534,8 7,535,8 8,536,8 139,4,5 139,5,140 5,6,140 7,7,8 18,45,141 18,46,7 18,288,8 141,48,7 141,82,8 9,83,18 9,84,141 9,85,7 7,259,142 7,86,12 7,537,9 142,112,12 142,538,9 142,539,18 12,87,9 12,90,18 12,91,141 141,540,8 7,541,8 8,97,8 139,65,7 5,66,7 5,542,142 140,68,7 140,543,142 140,256,12 7,544,3 8,545,3 8,546,3 45,547,139 45,548,5 45,549,140 8,550,46 8,551,46 3,175,46 47,176,7 47,552,138 47,553,9 7,554,45 8,555,45 8,556,139 8,182,45 8,557,139 8,558,5 10,559,80 78,560,80 78,561,5 3,366,80 3,367,5 3,368,81 8,372,83 8,373,83 8,374,10 3,313,83 3,314,10 3,562,50 73,563,72 8,564,72 8,565,10 3,313,72 3,314,10 32,304,9 137,305,9 137,306,18 3,307,9 3,308,18 3,309,90 72,566,47 8,567,47 8,568,7 3,569,47 3,570,7 3,571,138 45,324,77 45,325,10 45,572,78 8,573,46 3,574,46 46,575,46 95,386,108 95,387,99 108,388,99 7,389,95 7,390,108 7,391,99 95,392,8 108,393,8 99,394,8 77,54,10 77,506,143 10,126,143 77,293,3 10,128,3 143,129,3 7,79,144 7,7,8 144,43,8 145,185,7 145,190,144 145,187,8 7,576,3 144,577,3 8,274,3 146,4,5 146,5,147 5,6,147 148,398,32 148,399,113 32,400,113 148,401,32 32,229,32 32,230,114 113,401,32 113,402,114 32,233,114 113,403,32 32,229,32 32,404,113 114,228,32 114,405,113 32,400,113 114,237,32 32,229,32 32,230,149 113,401,32 113,402,149 32,233,149 113,403,32 32,229,32 32,404,113 149,228,32 149,405,113 32,400,113 149,406,32 32,407,32 32,408,150 113,409,32 113,410,150 32,101,150 7,578,148 7,579,32 7,578,113 113,411,8 32,412,8 150,157,8 146,65,7 5,66,7 5,580,148 147,68,7 147,581,148 147,582,32 32,414,3 150,415,3 8,274,3 146,4,5 146,5,110 5,6,110 7,79,151 7,86,12 7,79,152 151,41,12 151,42,152 151,43,8 12,39,152 12,44,8 152,43,8 146,8,7 5,9,7 5,395,151 110,11,7 110,396,151 110,583,12 153,13,10 153,14,11 153,15,146 10,16,11 10,17,146 10,18,5 11,19,146 11,20,5 11,21,110 12,584,3 152,397,3 8,24,3 7,63,73 7,7,8 73,64,8 18,45,154 18,46,7 18,138,73 154,48,7 154,139,73 154,82,8 153,51,18 153,52,154 153,53,7 107,54,10 107,55,153 107,56,18 10,57,153 10,58,18 10,59,154 7,290,3 73,585,3 8,62,3 138,586,107 7,531,138 7,389,107 7,131,8 138,587,8 107,392,8 139,4,5 139,5,140 5,6,140 7,7,8 18,45,141 18,46,7
read|menu|xml 155,588,156 157,589,10 157,590,155 157,591,156 10,592,155 10,593,156 95,250,12 95,594,157 95,595,10 12,596,157 12,597,10 12,598,155 112,398,32 112,599,158 32,233,158 112,401,32 32,229,32 32,235,95 158,228,32 158,236,95 32,227,95 158,237,32 32,229,32 32,230,159 95,231,32 95,232,159 32,233,159 95,234,32 32,229,32 32,235,95 159,228,32 159,236,95 32,227,95 159,237,32 32,229,32 32,230,160 95,231,32 95,232,160 32,233,160 161,54,10 161,600,112 161,281,32 10,601,112 10,283,32 10,282,158 95,243,3 32,244,3 160,245,3 162,4,5 162,5,163 5,6,163 7,63,161 7,7,8 161,64,8 162,65,7 5,66,7 5,67,161 163,68,7 163,69,161 163,70,8 164,54,10 164,71,162 164,72,5 10,73,162 10,74,5 10,75,163 7,76,3 161,77,3 8,78,3 35,602,95 35,118,36 95,603,36 164,604,35 164,605,95 164,606,36 35,607,108 95,608,108 95,609,157 36,610,108 36,611,157 108,388,157 35,602,95 35,118,36 95,603,36 164,604,35 164,605,95 164,606,36 35,607,108 95,608,108 95,609,99 36,610,108 36,611,99 108,388,99 36,612,165 108,613,165 108,614,164 157,615,165 157,616,164 157,617,35 165,618,164 165,619,35 165,620,95 7,621,164 7,622,35 7,623,95 36,624,8 108,625,8 99,626,8 155,627,156 157,628,166 157,629,155 157,630,156 166,631,155 166,632,156 7,633,157 7,634,166 7,635,155 166,636,8 155,637,8 156,638,8 35,602,167 35,118,36 167,603,36 164,604,35 164,605,167 164,606,36 35,607,108 167,608,108 167,609,157 36,610,108 36,611,157 108,388,157 7,639,164 7,640,35 7,641,167 36,642,8 108,643,8 157,217,8 155,644,168 156,645,168 156,646,7 8,647,168 8,648,7 8,649,164 168,650,7 168,651,164 168,652,35 7,653,7 7,654,157 7,655,166 108,656,8 157,657,8 8,658,8 35,602,167 35,118,36 167,603,36 164,119,35 164,659,167 164,120,36 169,140,32 169,226,157 32,227,157 35,660,170 167,661,170 167,662,169 36,663,170 36,162,169 36,163,32 170,664,169 170,665,32 170,666,157 169,667,3 32,668,3 157,669,3 45,170,164 45,171,35 45,670,167 32,671,46 157,672,46 3,175,46 47,176,7 47,673,7 47,674,157 157,675,45 8,676,45 8,677,164 8,182,45 8,183,164 8,184,35 35,678,34 35,118,36 34,679,36 171,119,35 171,680,34 171,120,36 35,602,167 35,118,36 167,603,36 164,604,35 164,605,167 164,606,36 35,122,10 34,681,10 34,682,164 36,124,10 36,683,164 36,684,35 10,685,164 10,686,35 10,687,167 35,688,3 167,689,3 36,690,3 157,691,171 3,692,171 3,693,35 46,694,171 46,695,35 46,696,34 45,697,47 45,698,7 45,699,7 167,700,46 36,701,46 3,328,46 47,176,7 47,702,164 47,703,35 108,704,45 99,705,45 99,706,47 8,182,45 8,707,47 8,708,7 77,709,171 77,710,3 171,711,3 32,712,164 160,713,164 160,714,10 3,313,164 3,314,10 3,362,162 161,715,47 8,716,47 8,717,7 3,569,47 3,570,7 3,718,164 36,719,77 3,720,77 3,721,171 46,722,77 46,723,171 46,724,3 45,725,161 45,726,10 77,727,46 171,728,46 3,729,46 172,730,173 172,731,7 172,732,95 173,733,7 173,734,95 173,735,12 7,736,95 7,737,12 7,738,157 10,739,8 155,740,8 155,741,45 156,742,8 156,743,45 156,744,161 8,745,45 8,746,161 8,747,10
include|admin 7,79,174 7,7,8 174,43,8 175,185,7 175,190,174 175,187,8 7,79,176 7,7,8 176,43,8 177,748,7 177,749,176 177,750,8 7,377,106 174,751,106 174,752,177 8,379,106 8,753,177 8,381,7 106,754,177 106,383,7 106,384,176 7,755,3 176,756,3 8,757,3 4,4,5 4,5,178 5,6,178 7,7,8 4,8,7 5,9,7 5,10,8 178,11,7 178,12,8 179,13,10 179,14,11 179,15,4 10,16,11 10,17,4 10,18,5 11,19,4 11,20,5 11,21,178 178,758,3 7,759,3 8,760,3 7,79,180 7,86,12 7,79,181 180,41,12 180,42,181 180,43,8 12,39,181 12,44,8 181,43,8 18,45,182 18,46,7 18,80,180 182,48,7 182,81,180 182,98,12 179,51,18 179,52,182 179,53,7 138,528,179 138,529,18 138,530,182 7,531,138 7,532,179 7,533,18 12,761,8 181,762,8 8,536,8 126,4,5 126,5,54 5,6,54 7,79,183 7,7,8 183,43,8 126,763,7 5,764,7 5,765,183 54,766,7 54,767,183 54,768,8 7,79,184 7,86,12 7,769,126 184,41,12 184,770,126 184,771,5 12,772,126 12,773,5 12,774,54 7,269,8 183,775,8 8,271,8 18,45,185 18,46,7 18,80,184 185,48,7 185,81,184 185,98,12 2,51,18 2,52,185 2,53,7 183,776,3 8,777,3 8,778,3 45,779,2 45,780,18 45,781,185 8,782,46 8,783,46 3,175,46 47,784,7 47,785,138 47,786,179 181,787,45 8,788,45 8,789,2 8,790,45 8,791,2 8,792,18 162,4,5 162,5,186 5,6,186 7,79,187 7,7,8 187,43,8 162,763,7 5,764,7 5,765,187 186,766,7 186,767,187 186,768,8 7,769,162 7,793,5 7,794,186 7,269,8 187,775,8 8,271,8 118,413,7 118,795,162 118,796,5 187,797,3 8,798,3 8,799,3 75,4,5 75,5,188 5,6,188 7,259,34 7,7,8 34,114,8 82,260,7 82,261,34 82,262,8 7,79,73 7,86,12 7,263,82 73,41,12 73,800,82 73,801,7 12,266,82 12,267,7 12,268,34 7,802,12 34,803,12 34,804,79 8,805,12 8,806,79 8,805,12 12,39,79 12,40,12 12,39,82 79,41,12 79,42,82 79,43,8 12,39,82 12,44,8 82,43,8 75,65,7 5,66,7 5,254,73 188,68,7 188,255,73 188,256,12 73,54,10 73,71,75 73,72,5 10,73,75 10,74,5 10,75,188 12,807,3 82,756,3 8,757,3 75,4,5 75,5,188 5,6,188 7,259,34 7,7,8 34,114,8 82,260,7 82,261,34 82,262,8 7,79,74 7,86,12 7,263,82 74,41,12 74,800,82 74,801,7 12,266,82 12,267,7 12,268,34 7,802,12 34,803,12 34,804,79 8,805,12 8,806,79 8,805,12 12,39,79 12,40,12 12,39,82 79,41,12 79,42,82 79,43,8 12,39,82 12,44,8 82,43,8 75,65,7 5,66,7 5,254,74 188,68,7 188,255,74 188,256,12 74,54,10 74,71,75 74,72,5 10,73,75 10,74,5 10,75,188 12,807,3 82,756,3 8,757,3 80,4,5 80,5,81 5,6,81 7,259,34 7,7,8 34,114,8 82,260,7 82,261,34 82,262,8 7,63,73 7,86,12 7,263,82 73,134,12 73,264,82 73,265,7 12,266,82 12,267,7 12,268,34 7,269,8 34,270,8 8,271,8 80,65,7 5,66,7 5,67,73 81,68,7 81,69,73 81,256,12 34,808,3 8,798,3 8,799,3 80,4,5 80,5,81 5,6,81 7,259,34 7,7,8 34,114,8 82,260,7 82,261,34 82,262,8 7,63,74 7,86,12 7,263,82 74,134,12 74,264,82 74,265,7 12,266,82 12,267,7 12,268,34 7,269,8 34,270,8 8,271,8 80,65,7 5,66,7 5,67,74 81,68,7 81,69,74 81,256,12 34,808,3 8,798,3 8,799,3 7,130,189 7,131,8 189,132,8 7,63,73 7,86,12 7,63,74 73,134,12 73,350,74 73,134,12 12,189,74 12,40,12 12,189,13 74,134,12 74,350,13 74,64,8 12,189,13 12,44,8 13,64,8 190,185,7 190,186,73 190,191,12 12,351,3 13,352,3 8,274,3 191,809,3 13,810,191 8,811,191 8,812,3 3,813,191 3,814,3 192,815,193 192,816,52 192,817,190 193,818,52 193,819,190 193,820,7 52,821,190 52,822,7 52,823,73 7,63,73 7,86,12 7,63,13 73,134,12 73,350,13 73,64,8 12,189,13 12,44,8 13,64,8 194,185,7 194,186,73 194,191,12 12,351,3 13,352,3 8,274,3 191,809,3 13,810,191 8,811,191 8,812,3 3,813,191 3,814,3 192,815,123 192,816,52 192,817,194 123,818,52 123,819,194 123,820,7 52,821,194 52,822,7 52,823,73 7,63,73 7,86,12 7,63,74 73,134,12 73,350,74 73,134,12 12,189,74 12,40,12 12,189,13 74,134,12 74,350,13 74,64,8 12,189,13 12,44,8 13,64,8 195,185,7 195,186,73 195,191,12 12,351,3 13,352,3 8,274,3 191,809,3 13,810,191 8,811,191 8,812,3 3,813,191 3,814,3 192,815,196 192,816,52 192,817,195 196,818,52 196,819,195 196,820,7 52,821,195 52,822,7 52,823,73 7,63,73 7,86,12 7,63,13 73,134,12 73,350,13 73,64,8 12,189,13 12,44,8 13,64,8 197,185,7 197,186,73 197,191,12 12,351,3 13,352,3 8,274,3 191,809,3 13,810,191 8,811,191 8,812,3 3,813,191 3,814,3 192,815,198 192,816,52 192,817,197 198,818,52 198,819,197 198,820,7 52,821,197 52,822,7 52,823,73 7,63,13 7,7,8 13,64,8 199,185,7 199,186,13 199,187,8 7,576,3 13,352,3 8,274,3 191,809,3 13,810,191 8,811,191 8,812,3 3,813,191 3,814,3 192,815,143 192,816,52 192,817,199 143,818,52 143,819,199 143,820,7 52,821,199 52,822,7 52,823,13 7,63,13 7,7,8 13,64,8 200,185,7 200,186,13 200,187,8 7,576,3 13,352,3 8,274,3 191,809,3 201,824,52 75,4,5 75,5,76 5,6,76 7,79,77 7,86,12 7,79,78 77,41,12 77,42,78 77,41,12 12,39,78 12,40,12 12,39,79 78,41,12 78,42,79 78,43,8 12,39,79 12,44,8 79,43,8 75,65,7 5,66,7 5,254,77 76,68,7 76,255,77 76,256,12 77,54,10 77,71,75 77,72,5
include|simple|test 12,26,202 12,27,12 202,30,12 12,26,203 12,27,12 203,30,12 7,31,12 7,33,202 7,31,12 12,37,12 202,35,12 202,825,12 12,37,12 12,826,12 12,827,203 12,828,12 12,829,203 12,828,12 12,37,12 203,35,12 203,830,42 12,37,12 12,831,42 12,832,8 12,136,42 12,44,8 42,137,8 204,185,7 204,833,12 204,834,202 12,835,3 42,836,3 8,799,3 205,837,202 205,838,3 202,839,3 42,840,205 8,841,205 8,842,202 3,843,205 3,844,202 3,845,3 205,846,206 202,847,206 3,848,206
include|banner 7,79,174 7,7,8 174,43,8 175,185,7 175,190,174 175,187,8 7,79,176 7,7,8 176,43,8 177,748,7 177,749,176 177,750,8 7,377,106 174,751,106 174,752,177 8,379,106 8,753,177 8,381,7 106,754,177 106,383,7 106,384,176 7,755,3 176,756,3 8,757,3 7,79,207 7,7,8 207,43,8 145,185,7 145,190,207 145,187,8 7,849,3 207,850,3 8,799,3 176,851,145 8,852,145 8,853,7 3,854,145 3,855,7 3,856,207
include|cwe|arrayget|func|filtercleaningfull|special|chars|filter|select|fromconcatenation|simple|quote 7,7,8 82,857,7 82,858,8 82,54,10 82,859,82 82,276,7 10,860,82 10,278,7 10,861,8 82,862,3 7,755,3 8,757,3 35,118,36 82,119,35 82,120,36 82,121,10 35,122,10 35,123,208 36,124,10 36,125,208 10,126,208 36,863,3 10,864,3 208,865,3 35,118,36 82,119,35 82,120,36 35,602,209 35,118,36 209,603,36 210,604,35 210,605,209 210,606,36 82,121,10 35,122,10 35,866,210 36,124,10 36,683,210 36,684,35 10,685,210 10,686,35 10,687,209 35,867,3 209,868,3 36,869,3 35,118,36 82,119,35 82,120,36 82,121,10 35,122,10 35,123,208 36,124,10 36,125,208 10,126,208 36,863,3 10,864,3 208,865,3 35,678,156 35,118,36 156,679,36 82,604,35 82,870,156 82,606,36 211,54,10 211,871,82 211,872,35 10,685,82 10,686,35 10,873,156 35,867,3 156,874,3 36,869,3 7,63,211 7,86,12 7,875,212 211,134,12 211,876,212 211,64,8 12,877,212 12,44,8 212,878,8 213,185,7 213,186,211 213,191,12 214,54,10 214,275,213 214,276,7 10,277,213 10,278,7 10,385,211 12,807,3 212,879,3 8,757,3 211,54,10 211,291,214 10,292,214 211,880,3 10,864,3 214,881,3 12,295,215 12,296,12 215,297,12 12,882,32 215,883,32 215,884,211 12,882,32 12,885,211 32,227,211 12,295,12 12,296,12 12,297,12 12,886,32 32,229,32 32,887,12 211,231,32 211,888,12 211,889,12 32,890,12 32,891,12 32,890,12 72,54,10 72,892,12 72,893,215 10,894,12 10,895,215 10,894,12 12,896,3 12,897,3 12,896,3 7,79,216 7,86,12 7,79,217 216,41,12 216,42,217 216,41,12 12,39,217 12,40,12 12,39,218 217,41,12 217,42,218 217,43,8 12,39,218 12,44,8 218,43,8 219,185,7 219,190,216 219,191,12 220,54,10 220,275,219 220,276,7 10,277,219 10,278,7 10,279,216 12,807,3 218,756,3 8,757,3 7,79,221 7,7,8 221,43,8 222,185,7 222,190,221 222,187,8 7,849,3 221,850,3 8,799,3 12,295,72 12,296,12 72,297,12 12,882,32 72,883,32 72,884,72 12,882,32 12,885,72 32,227,72 12,295,223 12,296,12 223,297,12 12,898,32 32,899,32 32,900,12 72,901,32 72,902,12 72,903,223 32,904,12 32,905,223 32,904,12 205,906,12 205,907,72 205,906,12 12,908,3 223,909,3 12,908,3 7,63,72 7,7,8 72,64,8 224,185,7 224,186,72 224,187,8 225,54,10 225,275,224 225,276,7 10,277,224 10,278,7 10,385,72 7,755,3 72,910,3 8,757,3 7,63,225 7,7,8 225,64,8 226,185,7 226,186,225 226,187,8 164,54,10 164,275,226 164,276,7 10,277,226 10,278,7 10,385,225 7,911,164 7,912,10 7,913,226 7,914,8 225,915,8 8,916,8 7,63,164 7,7,8 164,64,8 227,185,7 227,186,164 227,187,8 7,576,3 164,352,3 8,274,3 12,917,228 12,918,12 228,919,12 205,920,12 205,921,228 205,920,12 12,922,3 228,923,3 12,922,3 164,924,205 8,925,205 8,926,12 3,927,205 3,928,12 3,929,228 45,930,227 45,931,7 45,932,164 228,933,46 12,934,46 3,935,46 229,936,7 229,937,164 229,938,10 225,939,45 8,940,45 8,941,227 8,942,45 8,943,227 8,944,7 7,63,220 7,7,8 220,64,8 230,185,7 230,186,220 230,187,8 7,849,3 220,945,3 8,799,3 7,946,82 8,947,82 8,948,35 3,949,82 3,950,35 3,951,36 10,952,82 208,953,82 208,954,35 3,949,82 3,950,35 3,951,36 209,955,82 36,956,82 36,957,35 3,949,82 3,950,35 3,951,36 10,958,211 208,959,211 208,960,10 3,961,211 3,962,10 3,963,82 156,964,214 36,965,214 36,966,10 3,961,214 3,962,10 3,967,213 212,968,211 8,969,211 8,970,10 3,961,211 3,962,10 3,971,214 10,958,72 214,972,72 214,973,10 3,961,72 3,962,10 3,974,12 12,975,220 12,976,220 12,977,10 3,961,220 3,962,10 3,967,219 218,851,222 8,852,222 8,853,7 3,854,222 3,855,7 3,856,221 221,978,205 8,841,205 8,979,12 3,843,205 3,980,12 3,981,72 223,982,225 12,983,225 12,984,10 3,985,225 3,986,10 3,987,224 72,988,229 8,989,229 8,990,7 3,991,229 3,992,7 3,993,164 12,994,230 3,995,230 3,996,7 46,997,230 46,998,7 46,999,220 220,1000,206 8,1001,206 3,1002,206
